id,title,description,availability,condition,price,sale_price,link,image_link,brand,quantity_to_sell_on_facebook,product_tags[0]
DE7-SAF-001,Morning Desert Safari,"A tranquil desert experience to start your day. Morning dune drive, camel trekking, sandboarding, and bottled water.",in stock,new,250.00 AED,120.00 AED,https://de7tourism.com/tours/morning-desert-safari/,https://cdn.jsdelivr.net/gh/ibrahimm7900/whatsapp-audit@096945096bf9ad8c6d8590f65f43eb10000547f9/de7-tourism/images/DE7-SAF-001__morning-desert-safari.jpg,DE7 Tourism,1,de7-safari
DE7-SAF-002,Evening Desert Safari (7HRS),"An adventure-filled evening in the Arabian sands. Dune bashing, camel ride, sunset viewing, cultural activities, BBQ dinner, and live entertainment.",in stock,new,350.00 AED,300.00 AED,https://de7tourism.com/tours/evening-desert-safari/,https://cdn.jsdelivr.net/gh/ibrahimm7900/whatsapp-audit@096945096bf9ad8c6d8590f65f43eb10000547f9/de7-tourism/images/DE7-SAF-002__evening-desert-safari-7hrs.jpg,DE7 Tourism,1,de7-safari
DE7-SAF-003,Evening Desert Safari (4HRS),"A mesmerizing evening in the sands. Dune bashing, camel ride, sunset viewing, and cultural activities at the camp.",in stock,new,300.00 AED,220.00 AED,https://de7tourism.com/tours/sunset-desert-safari/,https://cdn.jsdelivr.net/gh/ibrahimm7900/whatsapp-audit@096945096bf9ad8c6d8590f65f43eb10000547f9/de7-tourism/images/DE7-SAF-003__evening-desert-safari-4hrs.jpg,DE7 Tourism,1,de7-safari
DE7-SAF-004,Overnight Desert Safari - Custom Package,"An immersive desert experience under the stars. Sunset dune bashing, private camp, starlit BBQ dinner, campfire entertainment, stargazing, sunrise camel trek. Price varies with group size and season - shown as a starting estimate.",in stock,new,650.00 AED,,https://de7tourism.com/tours/overnight-desert-safari/,https://cdn.jsdelivr.net/gh/ibrahimm7900/whatsapp-audit@096945096bf9ad8c6d8590f65f43eb10000547f9/de7-tourism/images/DE7-SAF-004__overnight-desert-safari.jpg,DE7 Tourism,1,de7-safari
DE7-SAF-005,Private Desert Safari - Romantic and Custom Events,"Exclusive adventure tailored just for you. Private guide and 4x4, secluded sunset spot, gourmet desert dining, stargazing extravaganza. Price varies with customisation - shown as a starting estimate.",in stock,new,900.00 AED,,https://de7tourism.com/tours/private-desert-safari/,https://cdn.jsdelivr.net/gh/ibrahimm7900/whatsapp-audit@096945096bf9ad8c6d8590f65f43eb10000547f9/de7-tourism/images/DE7-SAF-005__private-desert-safari.jpg,DE7 Tourism,1,de7-safari
DE7-SAF-006,Quad Biking in the Desert,"Thrill and adventure on the dunes. Quad biking excitement, guided dune bashing, panoramic desert views.",in stock,new,650.00 AED,500.00 AED,https://de7tourism.com/tours/quad-biking-in-the-desert/,https://cdn.jsdelivr.net/gh/ibrahimm7900/whatsapp-audit@096945096bf9ad8c6d8590f65f43eb10000547f9/de7-tourism/images/DE7-SAF-006__quad-biking.jpg,DE7 Tourism,1,de7-safari
DE7-SAF-007,Hatta Mountain Safari,"A perfect blend of adventure and nature. Off-road driving, Hatta Heritage Village, Hatta Dam, kayaking and pedal boating, Hatta Hill Park.",in stock,new,700.00 AED,600.00 AED,https://de7tourism.com/tours/hatta-mountain-safari/,https://cdn.jsdelivr.net/gh/ibrahimm7900/whatsapp-audit@096945096bf9ad8c6d8590f65f43eb10000547f9/de7-tourism/images/DE7-SAF-007__hatta-mountain-safari.jpg,DE7 Tourism,1,de7-safari
DE7-DHOW-001,Dhow Cruise Dinner at Dubai Creek,"A tranquil evening of delightful dining and scenic views. International buffet dinner, live entertainment, and stunning creek views.",in stock,new,200.00 AED,150.00 AED,https://de7tourism.com/tours/dhow-cruise-dinner-at-dubai-creek/,https://cdn.jsdelivr.net/gh/ibrahimm7900/whatsapp-audit@096945096bf9ad8c6d8590f65f43eb10000547f9/de7-tourism/images/DE7-DHOW-001__dhow-creek.jpg,DE7 Tourism,1,de7-dhow
DE7-DHOW-003,Dubai Water Canal Dhow Cruise,"Glide through Dubai's modern marvel, the Water Canal. International buffet, live entertainment, and picturesque views.",in stock,new,300.00 AED,250.00 AED,https://de7tourism.com/tours/dubai-water-canal-dhow-cruise/,https://cdn.jsdelivr.net/gh/ibrahimm7900/whatsapp-audit@096945096bf9ad8c6d8590f65f43eb10000547f9/de7-tourism/images/DE7-DHOW-003__dhow-water-canal.jpg,DE7 Tourism,1,de7-dhow
DE7-DHOW-004,Luxury Dhow Cruise,"Elegance, fine dining, and unmatched views. Gourmet dining, premium beverages, live entertainment, and VIP service.",in stock,new,1000.00 AED,800.00 AED,https://de7tourism.com/tours/luxury-dhow-cruise/,https://cdn.jsdelivr.net/gh/ibrahimm7900/whatsapp-audit@096945096bf9ad8c6d8590f65f43eb10000547f9/de7-tourism/images/DE7-DHOW-004__dhow-luxury.jpg,DE7 Tourism,1,de7-dhow
DE7-DHOW-005,Private Dhow Cruise,"Exclusive serenity, tailored for you. Private dhow, dedicated crew, gourmet dining, and a personalized experience.",in stock,new,250.00 AED,200.00 AED,https://de7tourism.com/tours/private-dhow-cruise/,https://cdn.jsdelivr.net/gh/ibrahimm7900/whatsapp-audit@096945096bf9ad8c6d8590f65f43eb10000547f9/de7-tourism/images/DE7-DHOW-005__dhow-private.jpg,DE7 Tourism,1,de7-dhow
DE7-DHOW-006,Sunset Dhow Cruise,"Witness the beauty of dusk on Dubai's glittering waters. Light snacks, refreshments, and panoramic sunset views.",in stock,new,300.00 AED,250.00 AED,https://de7tourism.com/tours/sunset-dhow-cruise/,https://cdn.jsdelivr.net/gh/ibrahimm7900/whatsapp-audit@096945096bf9ad8c6d8590f65f43eb10000547f9/de7-tourism/images/DE7-DHOW-006__dhow-sunset.jpg,DE7 Tourism,1,de7-dhow
DE7-CITY-001,Abu Dhabi City Tour,"Explore the capital of elegance and culture. Entrance fees, guided tour, and bottled water included.",in stock,new,300.00 AED,250.00 AED,https://de7tourism.com/tours/abu-dhabi-city-tour/,https://cdn.jsdelivr.net/gh/ibrahimm7900/whatsapp-audit@096945096bf9ad8c6d8590f65f43eb10000547f9/de7-tourism/images/DE7-CITY-001__abu-dhabi-city-tour.jpg,DE7 Tourism,1,de7-city
DE7-CITY-002,Al Ain City Tour,"Discover the oasis of culture and tradition. Entrance fees, guided tour, and bottled water included.",in stock,new,300.00 AED,250.00 AED,https://de7tourism.com/tours/al-ain-city-tour/,https://cdn.jsdelivr.net/gh/ibrahimm7900/whatsapp-audit@096945096bf9ad8c6d8590f65f43eb10000547f9/de7-tourism/images/DE7-CITY-002__al-ain-city-tour.jpg,DE7 Tourism,1,de7-city
DE7-CITY-003,Dubai City Tour,"Uncover the wonders of the modern metropolis. Entrance fees, guided tour, and bottled water included.",in stock,new,200.00 AED,150.00 AED,https://de7tourism.com/tours/dubai-city-tour/,https://cdn.jsdelivr.net/gh/ibrahimm7900/whatsapp-audit@096945096bf9ad8c6d8590f65f43eb10000547f9/de7-tourism/images/DE7-CITY-003__dubai-city-tour.jpg,DE7 Tourism,1,de7-city
DE7-CITY-004,Fujairah City Tour,"Explore the hidden gems of Fujairah. Entrance fees, guided tour, and bottled water included.",in stock,new,300.00 AED,250.00 AED,https://de7tourism.com/tours/fujerajh-city-tour/,https://cdn.jsdelivr.net/gh/ibrahimm7900/whatsapp-audit@096945096bf9ad8c6d8590f65f43eb10000547f9/de7-tourism/images/DE7-CITY-004__fujairah-city-tour.jpg,DE7 Tourism,1,de7-city
DE7-CITY-005,Sharjah City Tour,"Discover the cultural gem of the UAE. Entrance fees, guided tour, and bottled water included.",in stock,new,150.00 AED,120.00 AED,https://de7tourism.com/tours/sharjah-city-tour/,https://cdn.jsdelivr.net/gh/ibrahimm7900/whatsapp-audit@096945096bf9ad8c6d8590f65f43eb10000547f9/de7-tourism/images/DE7-CITY-005__sharjah-city-tour.jpg,DE7 Tourism,1,de7-city
AGW-WAT-001,5 Gallon Bottle,19L refillable drinking water bottle. A refundable AED 25 bottle deposit is charged separately at delivery.,in stock,new,8.00 AED,,https://www.alghadeerwater.com/drinking-water,https://cdn.jsdelivr.net/gh/ibrahimm7900/whatsapp-audit@7e363e6a475d6dc1f31f20cfda7bae0f5edb4d20/alghadeer-water/catalogue/AGW-WAT-001__5-gallon-bottle.jpg,Al Ghadeer Water,,agw-drinking-water
AGW-WAT-002,500ml Bottle,500ml bottled drinking water.,in stock,new,6.00 AED,,https://www.alghadeerwater.com/drinking-water,https://cdn.jsdelivr.net/gh/ibrahimm7900/whatsapp-audit@7e363e6a475d6dc1f31f20cfda7bae0f5edb4d20/alghadeer-water/catalogue/AGW-WAT-002__500ml-bottle.jpg,Al Ghadeer Water,,agw-drinking-water
AGW-WAT-003,330ml Bottle,330ml bottled drinking water.,in stock,new,6.00 AED,,https://www.alghadeerwater.com/drinking-water,https://cdn.jsdelivr.net/gh/ibrahimm7900/whatsapp-audit@7e363e6a475d6dc1f31f20cfda7bae0f5edb4d20/alghadeer-water/catalogue/AGW-WAT-003__330ml-bottle.jpg,Al Ghadeer Water,,agw-drinking-water
AGW-WAT-004,200ml Bottle,200ml bottled drinking water.,in stock,new,10.50 AED,,https://www.alghadeerwater.com/drinking-water,https://cdn.jsdelivr.net/gh/ibrahimm7900/whatsapp-audit@7e363e6a475d6dc1f31f20cfda7bae0f5edb4d20/alghadeer-water/catalogue/AGW-WAT-004__200ml-bottle.jpg,Al Ghadeer Water,,agw-drinking-water
AGW-WAT-005,200ml Cup,200ml cups of drinking water.,in stock,new,8.00 AED,,https://www.alghadeerwater.com/drinking-water,https://cdn.jsdelivr.net/gh/ibrahimm7900/whatsapp-audit@7e363e6a475d6dc1f31f20cfda7bae0f5edb4d20/alghadeer-water/catalogue/AGW-WAT-005__200ml-cup.jpg,Al Ghadeer Water,,agw-drinking-water
AGW-WAT-006,Coupon Book,Al Ghadeer Water coupon book.,in stock,new,80.00 AED,,https://www.alghadeerwater.com/drinking-water,https://cdn.jsdelivr.net/gh/ibrahimm7900/whatsapp-audit@7e363e6a475d6dc1f31f20cfda7bae0f5edb4d20/alghadeer-water/catalogue/AGW-WAT-006__coupon-book.jpg,Al Ghadeer Water,,agw-drinking-water
AGW-WAT-007,"Buy 10 Get 2 FREE, 5 Gallon Bottles","Includes 10 5-gallon bottles and 2 free 5-gallon bottles. A refundable AED 25 deposit per included bottle is separate at delivery, where applicable.",in stock,new,95.00 AED,,https://www.alghadeerwater.com/drinking-water,https://cdn.jsdelivr.net/gh/ibrahimm7900/whatsapp-audit@7e363e6a475d6dc1f31f20cfda7bae0f5edb4d20/alghadeer-water/catalogue/AGW-WAT-007__buy-10-get-2-free-5-gallon-bottles.jpg,Al Ghadeer Water,,agw-drinking-water
AGW-WAT-008,"Buy 20 Get 5 FREE, 5 Gallon Bottles","Includes 20 5-gallon bottles and 5 free 5-gallon bottles. A refundable AED 25 deposit per included bottle is separate at delivery, where applicable.",in stock,new,175.00 AED,,https://www.alghadeerwater.com/drinking-water,https://cdn.jsdelivr.net/gh/ibrahimm7900/whatsapp-audit@7e363e6a475d6dc1f31f20cfda7bae0f5edb4d20/alghadeer-water/catalogue/AGW-WAT-008__buy-20-get-5-free-5-gallon-bottles.jpg,Al Ghadeer Water,,agw-drinking-water
AGW-WAT-009,"Buy 50 Get 20 FREE, 5 Gallon Bottles","Includes 50 5-gallon bottles and 20 free 5-gallon bottles. A refundable AED 25 deposit per included bottle is separate at delivery, where applicable.",in stock,new,460.00 AED,,https://www.alghadeerwater.com/drinking-water,https://cdn.jsdelivr.net/gh/ibrahimm7900/whatsapp-audit@7e363e6a475d6dc1f31f20cfda7bae0f5edb4d20/alghadeer-water/catalogue/AGW-WAT-009__buy-50-get-20-free-5-gallon-bottles.jpg,Al Ghadeer Water,,agw-drinking-water
AGW-OFF-001,Family Pack 4-6 People,"Family bundle for 4 to 6 people. Includes a cooler, 5 full bottles, a coupon book and a free 200ml carton of 24 cups. Free delivery and installation. A refundable AED 25 deposit per included 19L bottle is separate at delivery, where applicable.",in stock,new,495.00 AED,420.00 AED,https://www.alghadeerwater.com/product/family-pack,https://cdn.jsdelivr.net/gh/ibrahimm7900/whatsapp-audit@7e363e6a475d6dc1f31f20cfda7bae0f5edb4d20/alghadeer-water/catalogue/AGW-OFF-001__family-pack-4-6-people.jpg,Al Ghadeer Water,,agw-special-offers
AGW-OFF-002,Standard Pack 2-4 People,"Bundle for 2 to 4 people. Includes a cooler, 3 full bottles, a coupon book and a free 200ml carton of 24 cups. Free delivery and installation. A refundable AED 25 deposit per included 19L bottle is separate at delivery, where applicable.",in stock,new,425.00 AED,380.00 AED,https://www.alghadeerwater.com/product/standard-pack,https://cdn.jsdelivr.net/gh/ibrahimm7900/whatsapp-audit@7e363e6a475d6dc1f31f20cfda7bae0f5edb4d20/alghadeer-water/catalogue/AGW-OFF-002__standard-pack-2-4-people.jpg,Al Ghadeer Water,,agw-special-offers
AGW-OFF-003,Starter Pack 2-4 People,"Starter bundle. Includes a manual pump, 3 full bottles, a coupon book with 10 refill coupons and a free 200ml carton of 24 cups. Free delivery. A refundable AED 25 deposit per included 19L bottle is separate at delivery, where applicable.",in stock,new,140.00 AED,125.00 AED,https://www.alghadeerwater.com/product/starter-pack,https://cdn.jsdelivr.net/gh/ibrahimm7900/whatsapp-audit@7e363e6a475d6dc1f31f20cfda7bae0f5edb4d20/alghadeer-water/catalogue/AGW-OFF-003__starter-pack-2-4-people.jpg,Al Ghadeer Water,,agw-special-offers
AGW-ACC-001,Al Ghadeer Water Cooler,Premium cooling dispenser.,in stock,new,350.00 AED,,https://www.alghadeerwater.com/product/cooler,https://cdn.jsdelivr.net/gh/ibrahimm7900/whatsapp-audit@7e363e6a475d6dc1f31f20cfda7bae0f5edb4d20/alghadeer-water/catalogue/AGW-ACC-001__al-ghadeer-water-cooler.jpg,Al Ghadeer Water,,agw-accessories-dispensers
AGW-ACC-002,Kitchen Dispenser,Kitchen water dispenser.,in stock,new,40.00 AED,,https://www.alghadeerwater.com/dispensers,https://cdn.jsdelivr.net/gh/ibrahimm7900/whatsapp-audit@7e363e6a475d6dc1f31f20cfda7bae0f5edb4d20/alghadeer-water/catalogue/AGW-ACC-002__kitchen-dispenser.jpg,Al Ghadeer Water,,agw-accessories-dispensers
AGW-ACC-003,Manual Pump,"Manual, electricity-free water bottle pump.",in stock,new,20.00 AED,,https://www.alghadeerwater.com/dispensers,https://cdn.jsdelivr.net/gh/ibrahimm7900/whatsapp-audit@7e363e6a475d6dc1f31f20cfda7bae0f5edb4d20/alghadeer-water/catalogue/AGW-ACC-003__manual-pump.jpg,Al Ghadeer Water,,agw-accessories-dispensers
